Propinsi,Dati_II,Tahun,Bulan,Kurs,Tipe,Nominal
JAKARTA,Wil. Kota Jakarta Pusat,2018,,Rupiah,Modal Kerja,249948862.40361
JAKARTA,Wil. Kota Jakarta Pusat,2018,,Rupiah,Investasi,164480355.6415
JAKARTA,Wil. Kota Jakarta Pusat,2018,,Rupiah,Konsumsi,45889052.320041
JAKARTA,Wil. Kota Jakarta Pusat,2019,,Rupiah,Modal Kerja,264082378.449167
JAKARTA,Wil. Kota Jakarta Pusat,2019,,Rupiah,Investasi,191544420.580835
JAKARTA,Wil. Kota Jakarta Pusat,2019,,Rupiah,Konsumsi,47499835.800421
JAKARTA,Wil. Kota Jakarta Pusat,2020,,Rupiah,Modal Kerja,228833109.846686
JAKARTA,Wil. Kota Jakarta Pusat,2020,,Rupiah,Investasi,131485903.104737
JAKARTA,Wil. Kota Jakarta Pusat,2020,,Rupiah,Konsumsi,45007443.325806
JAKARTA,Wil. Kota Jakarta Pusat,2021,,Rupiah,Modal Kerja,231361997.940315
JAKARTA,Wil. Kota Jakarta Pusat,2021,,Rupiah,Investasi,131882219.924288
JAKARTA,Wil. Kota Jakarta Pusat,2021,,Rupiah,Konsumsi,46134705.903392
JAKARTA,Wil. Kota Jakarta Pusat,2022,,Rupiah,Modal Kerja,259172738.781055
JAKARTA,Wil. Kota Jakarta Pusat,2022,,Rupiah,Investasi,171519599.054885
JAKARTA,Wil. Kota Jakarta Pusat,2022,,Rupiah,Konsumsi,51892349.919546
JAKARTA,Wil. Kota Jakarta Pusat,2023,Mar,Rupiah,Modal Kerja,262990598.291554
JAKARTA,Wil. Kota Jakarta Pusat,2023,Mar,Rupiah,Investasi,170898785.392286
JAKARTA,Wil. Kota Jakarta Pusat,2023,Mar,Rupiah,Konsumsi,47987847.900608
JAKARTA,Wil. Kota Jakarta Pusat,2023,Apr,Rupiah,Modal Kerja,277449203.252743
JAKARTA,Wil. Kota Jakarta Pusat,2023,Apr,Rupiah,Investasi,170185817.706965
JAKARTA,Wil. Kota Jakarta Pusat,2023,Apr,Rupiah,Konsumsi,48071429.254964
JAKARTA,Wil. Kota Jakarta Pusat,2023,May,Rupiah,Modal Kerja,287137834.754477
JAKARTA,Wil. Kota Jakarta Pusat,2023,May,Rupiah,Investasi,177344450.033233
JAKARTA,Wil. Kota Jakarta Pusat,2023,May,Rupiah,Konsumsi,48518703.112932
JAKARTA,Wil. Kota Jakarta Pusat,2023,Jun,Rupiah,Modal Kerja,293336126.447257
JAKARTA,Wil. Kota Jakarta Pusat,2023,Jun,Rupiah,Investasi,178538567.219907
JAKARTA,Wil. Kota Jakarta Pusat,2023,Jun,Rupiah,Konsumsi,48757178.023667
JAKARTA,Wil. Kota Jakarta Pusat,2023,Jul,Rupiah,Modal Kerja,292787130.521138
JAKARTA,Wil. Kota Jakarta Pusat,2023,Jul,Rupiah,Investasi,189790502.67943
JAKARTA,Wil. Kota Jakarta Pusat,2023,Jul,Rupiah,Konsumsi,49684216.943813
JAKARTA,Wil. Kota Jakarta Pusat,2023,Aug,Rupiah,Modal Kerja,290684057.992247
JAKARTA,Wil. Kota Jakarta Pusat,2023,Aug,Rupiah,Investasi,190327491.258203
JAKARTA,Wil. Kota Jakarta Pusat,2023,Aug,Rupiah,Konsumsi,50385910.760872
JAKARTA,Wil. Kota Jakarta Pusat,2023,Sep,Rupiah,Modal Kerja,300209363.618169
JAKARTA,Wil. Kota Jakarta Pusat,2023,Sep,Rupiah,Investasi,193122852.017677
JAKARTA,Wil. Kota Jakarta Pusat,2023,Sep,Rupiah,Konsumsi,52643816.395204
JAKARTA,Wil. Kota Jakarta Pusat,2023,Oct,Rupiah,Modal Kerja,297750542.142227
JAKARTA,Wil. Kota Jakarta Pusat,2023,Oct,Rupiah,Investasi,189676252.972735
JAKARTA,Wil. Kota Jakarta Pusat,2023,Oct,Rupiah,Konsumsi,53311061.881044
JAKARTA,Wil. Kota Jakarta Pusat,2023,Nov,Rupiah,Modal Kerja,307370897.161127
JAKARTA,Wil. Kota Jakarta Pusat,2023,Nov,Rupiah,Investasi,189487964.186201
JAKARTA,Wil. Kota Jakarta Pusat,2023,Nov,Rupiah,Konsumsi,54598131.830455
JAKARTA,Wil. Kota Jakarta Pusat,2023,Dec,Rupiah,Modal Kerja,327746820.853698
JAKARTA,Wil. Kota Jakarta Pusat,2023,Dec,Rupiah,Investasi,191779912.129048
JAKARTA,Wil. Kota Jakarta Pusat,2023,Dec,Rupiah,Konsumsi,55830344.392214
JAKARTA,Wil. Kota Jakarta Pusat,2024,Jan,Rupiah,Modal Kerja,316025079.373474
JAKARTA,Wil. Kota Jakarta Pusat,2024,Jan,Rupiah,Investasi,191574722.936642
JAKARTA,Wil. Kota Jakarta Pusat,2024,Jan,Rupiah,Konsumsi,55635070.590954
JAKARTA,Wil. Kota Jakarta Pusat,2024,Feb,Rupiah,Modal Kerja,317040576.88097
JAKARTA,Wil. Kota Jakarta Pusat,2024,Feb,Rupiah,Investasi,192237782.710093
JAKARTA,Wil. Kota Jakarta Pusat,2024,Feb,Rupiah,Konsumsi,55822900.43038
JAKARTA,Wil. Kota Jakarta Pusat,2024,Mar,Rupiah,Modal Kerja,327640644.910509
JAKARTA,Wil. Kota Jakarta Pusat,2024,Mar,Rupiah,Investasi,201770633.984715
JAKARTA,Wil. Kota Jakarta Pusat,2024,Mar,Rupiah,Konsumsi,57490476.541273
JAKARTA,Wil. Kota Jakarta Utara,2018,,Rupiah,Modal Kerja,88658891.811101
JAKARTA,Wil. Kota Jakarta Utara,2018,,Rupiah,Investasi,27531138.865885
JAKARTA,Wil. Kota Jakarta Utara,2018,,Rupiah,Konsumsi,30962735.515521
JAKARTA,Wil. Kota Jakarta Utara,2019,,Rupiah,Modal Kerja,96825730.981121
JAKARTA,Wil. Kota Jakarta Utara,2019,,Rupiah,Investasi,32016367.152957
JAKARTA,Wil. Kota Jakarta Utara,2019,,Rupiah,Konsumsi,32168805.645168
JAKARTA,Wil. Kota Jakarta Utara,2020,,Rupiah,Modal Kerja,86266276.399394
JAKARTA,Wil. Kota Jakarta Utara,2020,,Rupiah,Investasi,32597440.78473
JAKARTA,Wil. Kota Jakarta Utara,2020,,Rupiah,Konsumsi,28728209.062686
JAKARTA,Wil. Kota Jakarta Utara,2021,,Rupiah,Modal Kerja,82248805.253835
JAKARTA,Wil. Kota Jakarta Utara,2021,,Rupiah,Investasi,31639394.061767
JAKARTA,Wil. Kota Jakarta Utara,2021,,Rupiah,Konsumsi,29373804.316499
JAKARTA,Wil. Kota Jakarta Utara,2022,,Rupiah,Modal Kerja,88029336.54905
JAKARTA,Wil. Kota Jakarta Utara,2022,,Rupiah,Investasi,33611231.130814
JAKARTA,Wil. Kota Jakarta Utara,2022,,Rupiah,Konsumsi,34382383.017732
JAKARTA,Wil. Kota Jakarta Utara,2023,Mar,Rupiah,Modal Kerja,90655875.480132
JAKARTA,Wil. Kota Jakarta Utara,2023,Mar,Rupiah,Investasi,34287544.8959
JAKARTA,Wil. Kota Jakarta Utara,2023,Mar,Rupiah,Konsumsi,34634687.961979
JAKARTA,Wil. Kota Jakarta Utara,2023,Apr,Rupiah,Modal Kerja,84782810.174236
JAKARTA,Wil. Kota Jakarta Utara,2023,Apr,Rupiah,Investasi,34623013.061814
JAKARTA,Wil. Kota Jakarta Utara,2023,Apr,Rupiah,Konsumsi,34754195.176906
JAKARTA,Wil. Kota Jakarta Utara,2023,May,Rupiah,Modal Kerja,82664377.725285
JAKARTA,Wil. Kota Jakarta Utara,2023,May,Rupiah,Investasi,34763823.695118
JAKARTA,Wil. Kota Jakarta Utara,2023,May,Rupiah,Konsumsi,35117091.970904
JAKARTA,Wil. Kota Jakarta Utara,2023,Jun,Rupiah,Modal Kerja,84724590.995461
JAKARTA,Wil. Kota Jakarta Utara,2023,Jun,Rupiah,Investasi,35173215.467116
JAKARTA,Wil. Kota Jakarta Utara,2023,Jun,Rupiah,Konsumsi,35525791.045096
JAKARTA,Wil. Kota Jakarta Utara,2023,Jul,Rupiah,Modal Kerja,82900512.629985
JAKARTA,Wil. Kota Jakarta Utara,2023,Jul,Rupiah,Investasi,36089322.193464
JAKARTA,Wil. Kota Jakarta Utara,2023,Jul,Rupiah,Konsumsi,35637501.338524
JAKARTA,Wil. Kota Jakarta Utara,2023,Aug,Rupiah,Modal Kerja,79610417.557911
JAKARTA,Wil. Kota Jakarta Utara,2023,Aug,Rupiah,Investasi,36066362.289472
JAKARTA,Wil. Kota Jakarta Utara,2023,Aug,Rupiah,Konsumsi,35859415.937209
JAKARTA,Wil. Kota Jakarta Utara,2023,Sep,Rupiah,Modal Kerja,81671039.627479
JAKARTA,Wil. Kota Jakarta Utara,2023,Sep,Rupiah,Investasi,35978739.901143
JAKARTA,Wil. Kota Jakarta Utara,2023,Sep,Rupiah,Konsumsi,36460943.538245
JAKARTA,Wil. Kota Jakarta Utara,2023,Oct,Rupiah,Modal Kerja,79404777.090628
JAKARTA,Wil. Kota Jakarta Utara,2023,Oct,Rupiah,Investasi,36123543.154686
JAKARTA,Wil. Kota Jakarta Utara,2023,Oct,Rupiah,Konsumsi,36713476.327932
JAKARTA,Wil. Kota Jakarta Utara,2023,Nov,Rupiah,Modal Kerja,80338629.152933
JAKARTA,Wil. Kota Jakarta Utara,2023,Nov,Rupiah,Investasi,36456812.449305
JAKARTA,Wil. Kota Jakarta Utara,2023,Nov,Rupiah,Konsumsi,37190674.427812
JAKARTA,Wil. Kota Jakarta Utara,2023,Dec,Rupiah,Modal Kerja,88807984.959513
JAKARTA,Wil. Kota Jakarta Utara,2023,Dec,Rupiah,Investasi,37634582.530342
JAKARTA,Wil. Kota Jakarta Utara,2023,Dec,Rupiah,Konsumsi,37692494.827226
JAKARTA,Wil. Kota Jakarta Utara,2024,Jan,Rupiah,Modal Kerja,82812712.139808
JAKARTA,Wil. Kota Jakarta Utara,2024,Jan,Rupiah,Investasi,37939129.091362
JAKARTA,Wil. Kota Jakarta Utara,2024,Jan,Rupiah,Konsumsi,37906349.927379
JAKARTA,Wil. Kota Jakarta Utara,2024,Feb,Rupiah,Modal Kerja,81719814.111673
JAKARTA,Wil. Kota Jakarta Utara,2024,Feb,Rupiah,Investasi,38325153.238979
JAKARTA,Wil. Kota Jakarta Utara,2024,Feb,Rupiah,Konsumsi,37900626.719846
JAKARTA,Wil. Kota Jakarta Utara,2024,Mar,Rupiah,Modal Kerja,83826909.731381
JAKARTA,Wil. Kota Jakarta Utara,2024,Mar,Rupiah,Investasi,38446523.695031
JAKARTA,Wil. Kota Jakarta Utara,2024,Mar,Rupiah,Konsumsi,38740935.297141
JAKARTA,Wil. Kota Jakarta Barat,2018,,Rupiah,Modal Kerja,92486570.372236
JAKARTA,Wil. Kota Jakarta Barat,2018,,Rupiah,Investasi,32727251.575989
JAKARTA,Wil. Kota Jakarta Barat,2018,,Rupiah,Konsumsi,36614226.60081
JAKARTA,Wil. Kota Jakarta Barat,2019,,Rupiah,Modal Kerja,93209311.447014
JAKARTA,Wil. Kota Jakarta Barat,2019,,Rupiah,Investasi,36877535.167283
JAKARTA,Wil. Kota Jakarta Barat,2019,,Rupiah,Konsumsi,38080921.679979
JAKARTA,Wil. Kota Jakarta Barat,2020,,Rupiah,Modal Kerja,83616818.955156
JAKARTA,Wil. Kota Jakarta Barat,2020,,Rupiah,Investasi,35678471.487182
JAKARTA,Wil. Kota Jakarta Barat,2020,,Rupiah,Konsumsi,34707407.416214
JAKARTA,Wil. Kota Jakarta Barat,2021,,Rupiah,Modal Kerja,78752695.502065
JAKARTA,Wil. Kota Jakarta Barat,2021,,Rupiah,Investasi,26225488.671006
JAKARTA,Wil. Kota Jakarta Barat,2021,,Rupiah,Konsumsi,35984195.962693
JAKARTA,Wil. Kota Jakarta Barat,2022,,Rupiah,Modal Kerja,94367447.819509
JAKARTA,Wil. Kota Jakarta Barat,2022,,Rupiah,Investasi,28988947.181355
JAKARTA,Wil. Kota Jakarta Barat,2022,,Rupiah,Konsumsi,40878231.16308
JAKARTA,Wil. Kota Jakarta Barat,2023,Mar,Rupiah,Modal Kerja,95402649.634803
JAKARTA,Wil. Kota Jakarta Barat,2023,Mar,Rupiah,Investasi,31051017.595898
JAKARTA,Wil. Kota Jakarta Barat,2023,Mar,Rupiah,Konsumsi,41556301.995193
JAKARTA,Wil. Kota Jakarta Barat,2023,Apr,Rupiah,Modal Kerja,95853455.250167
JAKARTA,Wil. Kota Jakarta Barat,2023,Apr,Rupiah,Investasi,31651453.359376
JAKARTA,Wil. Kota Jakarta Barat,2023,Apr,Rupiah,Konsumsi,41854814.441116
JAKARTA,Wil. Kota Jakarta Barat,2023,May,Rupiah,Modal Kerja,93657954.762249
JAKARTA,Wil. Kota Jakarta Barat,2023,May,Rupiah,Investasi,31743627.343218
JAKARTA,Wil. Kota Jakarta Barat,2023,May,Rupiah,Konsumsi,42187539.838102
JAKARTA,Wil. Kota Jakarta Barat,2023,Jun,Rupiah,Modal Kerja,93948769.338162
JAKARTA,Wil. Kota Jakarta Barat,2023,Jun,Rupiah,Investasi,31632847.957057
JAKARTA,Wil. Kota Jakarta Barat,2023,Jun,Rupiah,Konsumsi,42471492.084603
JAKARTA,Wil. Kota Jakarta Barat,2023,Jul,Rupiah,Modal Kerja,96775114.443946
JAKARTA,Wil. Kota Jakarta Barat,2023,Jul,Rupiah,Investasi,32030500.272762
JAKARTA,Wil. Kota Jakarta Barat,2023,Jul,Rupiah,Konsumsi,42767785.782261
JAKARTA,Wil. Kota Jakarta Barat,2023,Aug,Rupiah,Modal Kerja,98133592.918062
JAKARTA,Wil. Kota Jakarta Barat,2023,Aug,Rupiah,Investasi,31905676.655497
JAKARTA,Wil. Kota Jakarta Barat,2023,Aug,Rupiah,Konsumsi,43294246.233196
JAKARTA,Wil. Kota Jakarta Barat,2023,Sep,Rupiah,Modal Kerja,99231409.318497
JAKARTA,Wil. Kota Jakarta Barat,2023,Sep,Rupiah,Investasi,32349778.662715
JAKARTA,Wil. Kota Jakarta Barat,2023,Sep,Rupiah,Konsumsi,43661038.994457
JAKARTA,Wil. Kota Jakarta Barat,2023,Oct,Rupiah,Modal Kerja,99287546.756141
JAKARTA,Wil. Kota Jakarta Barat,2023,Oct,Rupiah,Investasi,32416967.33288
JAKARTA,Wil. Kota Jakarta Barat,2023,Oct,Rupiah,Konsumsi,44068829.023848
JAKARTA,Wil. Kota Jakarta Barat,2023,Nov,Rupiah,Modal Kerja,102851912.053498
JAKARTA,Wil. Kota Jakarta Barat,2023,Nov,Rupiah,Investasi,32019698.58843
JAKARTA,Wil. Kota Jakarta Barat,2023,Nov,Rupiah,Konsumsi,44933618.195709
JAKARTA,Wil. Kota Jakarta Barat,2023,Dec,Rupiah,Modal Kerja,101641319.649568
JAKARTA,Wil. Kota Jakarta Barat,2023,Dec,Rupiah,Investasi,34935959.012411
JAKARTA,Wil. Kota Jakarta Barat,2023,Dec,Rupiah,Konsumsi,45458712.105914
JAKARTA,Wil. Kota Jakarta Barat,2024,Jan,Rupiah,Modal Kerja,96667009.318366
JAKARTA,Wil. Kota Jakarta Barat,2024,Jan,Rupiah,Investasi,35783924.448546
JAKARTA,Wil. Kota Jakarta Barat,2024,Jan,Rupiah,Konsumsi,45440298.673529
JAKARTA,Wil. Kota Jakarta Barat,2024,Feb,Rupiah,Modal Kerja,98820123.241212
JAKARTA,Wil. Kota Jakarta Barat,2024,Feb,Rupiah,Investasi,36802935.233537
JAKARTA,Wil. Kota Jakarta Barat,2024,Feb,Rupiah,Konsumsi,45475830.824433
JAKARTA,Wil. Kota Jakarta Barat,2024,Mar,Rupiah,Modal Kerja,103005384.243513
JAKARTA,Wil. Kota Jakarta Barat,2024,Mar,Rupiah,Investasi,37140319.013549
JAKARTA,Wil. Kota Jakarta Barat,2024,Mar,Rupiah,Konsumsi,45939438.034947
JAKARTA,Wil. Kota Jakarta Selatan,2018,,Rupiah,Modal Kerja,231774010.602774
JAKARTA,Wil. Kota Jakarta Selatan,2018,,Rupiah,Investasi,139829597.495551
JAKARTA,Wil. Kota Jakarta Selatan,2018,,Rupiah,Konsumsi,74380518.197802
JAKARTA,Wil. Kota Jakarta Selatan,2019,,Rupiah,Modal Kerja,222464234.339615
JAKARTA,Wil. Kota Jakarta Selatan,2019,,Rupiah,Investasi,152787976.831687
JAKARTA,Wil. Kota Jakarta Selatan,2019,,Rupiah,Konsumsi,77888011.463893
JAKARTA,Wil. Kota Jakarta Selatan,2020,,Rupiah,Modal Kerja,209364215.003672
JAKARTA,Wil. Kota Jakarta Selatan,2020,,Rupiah,Investasi,175614830.428818
JAKARTA,Wil. Kota Jakarta Selatan,2020,,Rupiah,Konsumsi,69104611.433778
JAKARTA,Wil. Kota Jakarta Selatan,2021,,Rupiah,Modal Kerja,243979921.664727
JAKARTA,Wil. Kota Jakarta Selatan,2021,,Rupiah,Investasi,183076189.50368
JAKARTA,Wil. Kota Jakarta Selatan,2021,,Rupiah,Konsumsi,68512090.728048
JAKARTA,Wil. Kota Jakarta Selatan,2022,,Rupiah,Modal Kerja,293115104.236868
JAKARTA,Wil. Kota Jakarta Selatan,2022,,Rupiah,Investasi,182668431.615542
JAKARTA,Wil. Kota Jakarta Selatan,2022,,Rupiah,Konsumsi,75309753.565025
JAKARTA,Wil. Kota Jakarta Selatan,2023,Mar,Rupiah,Modal Kerja,304098787.175382
JAKARTA,Wil. Kota Jakarta Selatan,2023,Mar,Rupiah,Investasi,175944318.615763
JAKARTA,Wil. Kota Jakarta Selatan,2023,Mar,Rupiah,Konsumsi,76511325.393177
JAKARTA,Wil. Kota Jakarta Selatan,2023,Apr,Rupiah,Modal Kerja,309803193.850148
JAKARTA,Wil. Kota Jakarta Selatan,2023,Apr,Rupiah,Investasi,177792276.730646
JAKARTA,Wil. Kota Jakarta Selatan,2023,Apr,Rupiah,Konsumsi,76748516.629885
JAKARTA,Wil. Kota Jakarta Selatan,2023,May,Rupiah,Modal Kerja,326881114.980403
JAKARTA,Wil. Kota Jakarta Selatan,2023,May,Rupiah,Investasi,179287064.705266
JAKARTA,Wil. Kota Jakarta Selatan,2023,May,Rupiah,Konsumsi,76987693.364026
JAKARTA,Wil. Kota Jakarta Selatan,2023,Jun,Rupiah,Modal Kerja,334476403.840393
JAKARTA,Wil. Kota Jakarta Selatan,2023,Jun,Rupiah,Investasi,182744842.978521
JAKARTA,Wil. Kota Jakarta Selatan,2023,Jun,Rupiah,Konsumsi,77517580.573531
JAKARTA,Wil. Kota Jakarta Selatan,2023,Jul,Rupiah,Modal Kerja,333155271.160458
JAKARTA,Wil. Kota Jakarta Selatan,2023,Jul,Rupiah,Investasi,186660989.143085
JAKARTA,Wil. Kota Jakarta Selatan,2023,Jul,Rupiah,Konsumsi,77667032.907539
JAKARTA,Wil. Kota Jakarta Selatan,2023,Aug,Rupiah,Modal Kerja,332060891.586447
JAKARTA,Wil. Kota Jakarta Selatan,2023,Aug,Rupiah,Investasi,187312202.950183
JAKARTA,Wil. Kota Jakarta Selatan,2023,Aug,Rupiah,Konsumsi,78471721.447054
JAKARTA,Wil. Kota Jakarta Selatan,2023,Sep,Rupiah,Modal Kerja,344772867.368054
JAKARTA,Wil. Kota Jakarta Selatan,2023,Sep,Rupiah,Investasi,187114726.622368
JAKARTA,Wil. Kota Jakarta Selatan,2023,Sep,Rupiah,Konsumsi,79428653.648062
JAKARTA,Wil. Kota Jakarta Selatan,2023,Oct,Rupiah,Modal Kerja,344853234.003356
JAKARTA,Wil. Kota Jakarta Selatan,2023,Oct,Rupiah,Investasi,187886290.269049
JAKARTA,Wil. Kota Jakarta Selatan,2023,Oct,Rupiah,Konsumsi,80102031.626313
JAKARTA,Wil. Kota Jakarta Selatan,2023,Nov,Rupiah,Modal Kerja,348266047.354761
JAKARTA,Wil. Kota Jakarta Selatan,2023,Nov,Rupiah,Investasi,196387622.988506
JAKARTA,Wil. Kota Jakarta Selatan,2023,Nov,Rupiah,Konsumsi,77039554.115307
JAKARTA,Wil. Kota Jakarta Selatan,2023,Dec,Rupiah,Modal Kerja,358026750.49633
JAKARTA,Wil. Kota Jakarta Selatan,2023,Dec,Rupiah,Investasi,213673925.578015
JAKARTA,Wil. Kota Jakarta Selatan,2023,Dec,Rupiah,Konsumsi,78861485.54259
JAKARTA,Wil. Kota Jakarta Selatan,2024,Jan,Rupiah,Modal Kerja,347032971.056276
JAKARTA,Wil. Kota Jakarta Selatan,2024,Jan,Rupiah,Investasi,216743941.961263
JAKARTA,Wil. Kota Jakarta Selatan,2024,Jan,Rupiah,Konsumsi,79067461.005579
JAKARTA,Wil. Kota Jakarta Selatan,2024,Feb,Rupiah,Modal Kerja,357138772.699253
JAKARTA,Wil. Kota Jakarta Selatan,2024,Feb,Rupiah,Investasi,217826785.692945
JAKARTA,Wil. Kota Jakarta Selatan,2024,Feb,Rupiah,Konsumsi,79475450.209187
JAKARTA,Wil. Kota Jakarta Selatan,2024,Mar,Rupiah,Modal Kerja,366593486.152403
JAKARTA,Wil. Kota Jakarta Selatan,2024,Mar,Rupiah,Investasi,226476427.373645
JAKARTA,Wil. Kota Jakarta Selatan,2024,Mar,Rupiah,Konsumsi,80240560.535121
JAKARTA,Wil. Kota Jakarta Timur,2018,,Rupiah,Modal Kerja,78089583.383914
JAKARTA,Wil. Kota Jakarta Timur,2018,,Rupiah,Investasi,31872464.030534
JAKARTA,Wil. Kota Jakarta Timur,2018,,Rupiah,Konsumsi,31673521.091395
JAKARTA,Wil. Kota Jakarta Timur,2019,,Rupiah,Modal Kerja,90693154.531205
JAKARTA,Wil. Kota Jakarta Timur,2019,,Rupiah,Investasi,47915414.96959
JAKARTA,Wil. Kota Jakarta Timur,2019,,Rupiah,Konsumsi,33318501.651531
JAKARTA,Wil. Kota Jakarta Timur,2020,,Rupiah,Modal Kerja,109742819.660185
JAKARTA,Wil. Kota Jakarta Timur,2020,,Rupiah,Investasi,52801330.3777
JAKARTA,Wil. Kota Jakarta Timur,2020,,Rupiah,Konsumsi,32284802.939321
JAKARTA,Wil. Kota Jakarta Timur,2021,,Rupiah,Modal Kerja,111212168.570442
JAKARTA,Wil. Kota Jakarta Timur,2021,,Rupiah,Investasi,53300268.168172
JAKARTA,Wil. Kota Jakarta Timur,2021,,Rupiah,Konsumsi,34162519.034108
JAKARTA,Wil. Kota Jakarta Timur,2022,,Rupiah,Modal Kerja,121761117.683276
JAKARTA,Wil. Kota Jakarta Timur,2022,,Rupiah,Investasi,48797275.044041
JAKARTA,Wil. Kota Jakarta Timur,2022,,Rupiah,Konsumsi,38928025.56855
JAKARTA,Wil. Kota Jakarta Timur,2023,Mar,Rupiah,Modal Kerja,122374945.277808
JAKARTA,Wil. Kota Jakarta Timur,2023,Mar,Rupiah,Investasi,47265997.24215
JAKARTA,Wil. Kota Jakarta Timur,2023,Mar,Rupiah,Konsumsi,39588209.551449
JAKARTA,Wil. Kota Jakarta Timur,2023,Apr,Rupiah,Modal Kerja,122209434.659116
JAKARTA,Wil. Kota Jakarta Timur,2023,Apr,Rupiah,Investasi,47348472.35029
JAKARTA,Wil. Kota Jakarta Timur,2023,Apr,Rupiah,Konsumsi,39728417.122552
JAKARTA,Wil. Kota Jakarta Timur,2023,May,Rupiah,Modal Kerja,121342450.041986
JAKARTA,Wil. Kota Jakarta Timur,2023,May,Rupiah,Investasi,47838797.284034
JAKARTA,Wil. Kota Jakarta Timur,2023,May,Rupiah,Konsumsi,39912517.926386
JAKARTA,Wil. Kota Jakarta Timur,2023,Jun,Rupiah,Modal Kerja,125837012.338962
JAKARTA,Wil. Kota Jakarta Timur,2023,Jun,Rupiah,Investasi,43504493.372525
JAKARTA,Wil. Kota Jakarta Timur,2023,Jun,Rupiah,Konsumsi,40207136.788387
JAKARTA,Wil. Kota Jakarta Timur,2023,Jul,Rupiah,Modal Kerja,129841369.037551
JAKARTA,Wil. Kota Jakarta Timur,2023,Jul,Rupiah,Investasi,43990685.914032
JAKARTA,Wil. Kota Jakarta Timur,2023,Jul,Rupiah,Konsumsi,40599442.683107
JAKARTA,Wil. Kota Jakarta Timur,2023,Aug,Rupiah,Modal Kerja,133852069.227385
JAKARTA,Wil. Kota Jakarta Timur,2023,Aug,Rupiah,Investasi,42021239.292797
JAKARTA,Wil. Kota Jakarta Timur,2023,Aug,Rupiah,Konsumsi,41015957.169887
JAKARTA,Wil. Kota Jakarta Timur,2023,Sep,Rupiah,Modal Kerja,141856122.886072
JAKARTA,Wil. Kota Jakarta Timur,2023,Sep,Rupiah,Investasi,42658787.369016
JAKARTA,Wil. Kota Jakarta Timur,2023,Sep,Rupiah,Konsumsi,40725820.798519
JAKARTA,Wil. Kota Jakarta Timur,2023,Oct,Rupiah,Modal Kerja,143177947.681885
JAKARTA,Wil. Kota Jakarta Timur,2023,Oct,Rupiah,Investasi,43532872.812225
JAKARTA,Wil. Kota Jakarta Timur,2023,Oct,Rupiah,Konsumsi,41133357.3251
JAKARTA,Wil. Kota Jakarta Timur,2023,Nov,Rupiah,Modal Kerja,143041608.889747
JAKARTA,Wil. Kota Jakarta Timur,2023,Nov,Rupiah,Investasi,44382842.443704
JAKARTA,Wil. Kota Jakarta Timur,2023,Nov,Rupiah,Konsumsi,41669726.926392
JAKARTA,Wil. Kota Jakarta Timur,2023,Dec,Rupiah,Modal Kerja,142991817.505181
JAKARTA,Wil. Kota Jakarta Timur,2023,Dec,Rupiah,Investasi,43995871.604663
JAKARTA,Wil. Kota Jakarta Timur,2023,Dec,Rupiah,Konsumsi,42218515.658873
JAKARTA,Wil. Kota Jakarta Timur,2024,Jan,Rupiah,Modal Kerja,137238189.791795
JAKARTA,Wil. Kota Jakarta Timur,2024,Jan,Rupiah,Investasi,44096426.357122
JAKARTA,Wil. Kota Jakarta Timur,2024,Jan,Rupiah,Konsumsi,42269364.806917
JAKARTA,Wil. Kota Jakarta Timur,2024,Feb,Rupiah,Modal Kerja,136640835.27939
JAKARTA,Wil. Kota Jakarta Timur,2024,Feb,Rupiah,Investasi,44151161.14069
JAKARTA,Wil. Kota Jakarta Timur,2024,Feb,Rupiah,Konsumsi,42424540.658535
JAKARTA,Wil. Kota Jakarta Timur,2024,Mar,Rupiah,Modal Kerja,135922004.122852
JAKARTA,Wil. Kota Jakarta Timur,2024,Mar,Rupiah,Investasi,44788714.213702
JAKARTA,Wil. Kota Jakarta Timur,2024,Mar,Rupiah,Konsumsi,42864625.434784
JAKARTA,Wil. Kepulauan Seribu,2018,,Rupiah,Modal Kerja,274904.741681
JAKARTA,Wil. Kepulauan Seribu,2018,,Rupiah,Investasi,11088.491064
JAKARTA,Wil. Kepulauan Seribu,2018,,Rupiah,Konsumsi,306050.089483
JAKARTA,Wil. Kepulauan Seribu,2019,,Rupiah,Modal Kerja,46804.090877
JAKARTA,Wil. Kepulauan Seribu,2019,,Rupiah,Investasi,72610.550159
JAKARTA,Wil. Kepulauan Seribu,2019,,Rupiah,Konsumsi,332819.46052
JAKARTA,Wil. Kepulauan Seribu,2020,,Rupiah,Modal Kerja,26044.223688
JAKARTA,Wil. Kepulauan Seribu,2020,,Rupiah,Investasi,89419.311451
JAKARTA,Wil. Kepulauan Seribu,2020,,Rupiah,Konsumsi,286812.276138
JAKARTA,Wil. Kepulauan Seribu,2021,,Rupiah,Modal Kerja,18822.530842
JAKARTA,Wil. Kepulauan Seribu,2021,,Rupiah,Investasi,74560.928419
JAKARTA,Wil. Kepulauan Seribu,2021,,Rupiah,Konsumsi,126729.419751
JAKARTA,Wil. Kepulauan Seribu,2022,,Rupiah,Modal Kerja,72283.80738
JAKARTA,Wil. Kepulauan Seribu,2022,,Rupiah,Investasi,69335.487398
JAKARTA,Wil. Kepulauan Seribu,2022,,Rupiah,Konsumsi,319270.617506
JAKARTA,Wil. Kepulauan Seribu,2023,Mar,Rupiah,Modal Kerja,79823.246176
JAKARTA,Wil. Kepulauan Seribu,2023,Mar,Rupiah,Investasi,157400.504271
JAKARTA,Wil. Kepulauan Seribu,2023,Mar,Rupiah,Konsumsi,353102.786657
JAKARTA,Wil. Kepulauan Seribu,2023,Apr,Rupiah,Modal Kerja,81344.65943
JAKARTA,Wil. Kepulauan Seribu,2023,Apr,Rupiah,Investasi,155491.44929
JAKARTA,Wil. Kepulauan Seribu,2023,Apr,Rupiah,Konsumsi,357433.922373
JAKARTA,Wil. Kepulauan Seribu,2023,May,Rupiah,Modal Kerja,77945.433521
JAKARTA,Wil. Kepulauan Seribu,2023,May,Rupiah,Investasi,153440.930917
JAKARTA,Wil. Kepulauan Seribu,2023,May,Rupiah,Konsumsi,360285.533689
JAKARTA,Wil. Kepulauan Seribu,2023,Jun,Rupiah,Modal Kerja,75245.902464
JAKARTA,Wil. Kepulauan Seribu,2023,Jun,Rupiah,Investasi,151809.976472
JAKARTA,Wil. Kepulauan Seribu,2023,Jun,Rupiah,Konsumsi,363444.294989
JAKARTA,Wil. Kepulauan Seribu,2023,Jul,Rupiah,Modal Kerja,75823.015227
JAKARTA,Wil. Kepulauan Seribu,2023,Jul,Rupiah,Investasi,149375.808898
JAKARTA,Wil. Kepulauan Seribu,2023,Jul,Rupiah,Konsumsi,366288.332218
JAKARTA,Wil. Kepulauan Seribu,2023,Aug,Rupiah,Modal Kerja,127200.809976
JAKARTA,Wil. Kepulauan Seribu,2023,Aug,Rupiah,Investasi,146644.626346
JAKARTA,Wil. Kepulauan Seribu,2023,Aug,Rupiah,Konsumsi,372429.933989
JAKARTA,Wil. Kepulauan Seribu,2023,Sep,Rupiah,Modal Kerja,130514.641548
JAKARTA,Wil. Kepulauan Seribu,2023,Sep,Rupiah,Investasi,144572.921414
JAKARTA,Wil. Kepulauan Seribu,2023,Sep,Rupiah,Konsumsi,374918.826708
JAKARTA,Wil. Kepulauan Seribu,2023,Oct,Rupiah,Modal Kerja,116391.76362
JAKARTA,Wil. Kepulauan Seribu,2023,Oct,Rupiah,Investasi,143509.469638
JAKARTA,Wil. Kepulauan Seribu,2023,Oct,Rupiah,Konsumsi,378279.562685
JAKARTA,Wil. Kepulauan Seribu,2023,Nov,Rupiah,Modal Kerja,106291.96776
JAKARTA,Wil. Kepulauan Seribu,2023,Nov,Rupiah,Investasi,148364.547332
JAKARTA,Wil. Kepulauan Seribu,2023,Nov,Rupiah,Konsumsi,381927.922952
JAKARTA,Wil. Kepulauan Seribu,2023,Dec,Rupiah,Modal Kerja,51766.366446
JAKARTA,Wil. Kepulauan Seribu,2023,Dec,Rupiah,Investasi,151151.669508
JAKARTA,Wil. Kepulauan Seribu,2023,Dec,Rupiah,Konsumsi,383250.508892
JAKARTA,Wil. Kepulauan Seribu,2024,Jan,Rupiah,Modal Kerja,47627.208473
JAKARTA,Wil. Kepulauan Seribu,2024,Jan,Rupiah,Investasi,150690.409906
JAKARTA,Wil. Kepulauan Seribu,2024,Jan,Rupiah,Konsumsi,388815.819075
JAKARTA,Wil. Kepulauan Seribu,2024,Feb,Rupiah,Modal Kerja,35442.119035
JAKARTA,Wil. Kepulauan Seribu,2024,Feb,Rupiah,Investasi,151664.493484
JAKARTA,Wil. Kepulauan Seribu,2024,Feb,Rupiah,Konsumsi,393594.714298
JAKARTA,Wil. Kepulauan Seribu,2024,Mar,Rupiah,Modal Kerja,36583.449617
JAKARTA,Wil. Kepulauan Seribu,2024,Mar,Rupiah,Investasi,149103.530907
JAKARTA,Wil. Kepulauan Seribu,2024,Mar,Rupiah,Konsumsi,397081.554797
JAKARTA,JAKARTA1),2018,,Rupiah,Modal Kerja,741232823.315316
JAKARTA,JAKARTA1),2018,,Rupiah,Investasi,396451896.100523
JAKARTA,JAKARTA1),2018,,Rupiah,Konsumsi,219826103.815052
JAKARTA,JAKARTA1),2019,,Rupiah,Modal Kerja,767321613.838999
JAKARTA,JAKARTA1),2019,,Rupiah,Investasi,461214325.252511
JAKARTA,JAKARTA1),2019,,Rupiah,Konsumsi,229288895.701512
JAKARTA,JAKARTA1),2020,,Rupiah,Modal Kerja,717849284.088781
JAKARTA,JAKARTA1),2020,,Rupiah,Investasi,428267395.494618
JAKARTA,JAKARTA1),2020,,Rupiah,Konsumsi,210119286.453943
JAKARTA,JAKARTA1),2021,,Rupiah,Modal Kerja,747574411.462226
JAKARTA,JAKARTA1),2021,,Rupiah,Investasi,426198121.257332
JAKARTA,JAKARTA1),2021,,Rupiah,Konsumsi,214294045.364491
JAKARTA,JAKARTA1),2022,,Rupiah,Modal Kerja,856518028.877138
JAKARTA,JAKARTA1),2022,,Rupiah,Investasi,465654819.514035
JAKARTA,JAKARTA1),2022,,Rupiah,Konsumsi,241710013.851439
JAKARTA,JAKARTA1),2023,Mar,Rupiah,Modal Kerja,875602679.105855
JAKARTA,JAKARTA1),2023,Mar,Rupiah,Investasi,459605064.246268
JAKARTA,JAKARTA1),2023,Mar,Rupiah,Konsumsi,240631475.589063
JAKARTA,JAKARTA1),2023,Apr,Rupiah,Modal Kerja,890179441.84584
JAKARTA,JAKARTA1),2023,Apr,Rupiah,Investasi,461756524.658381
JAKARTA,JAKARTA1),2023,Apr,Rupiah,Konsumsi,241514806.547796
JAKARTA,JAKARTA1),2023,May,Rupiah,Modal Kerja,911761677.697921
JAKARTA,JAKARTA1),2023,May,Rupiah,Investasi,471131203.991786
JAKARTA,JAKARTA1),2023,May,Rupiah,Konsumsi,243083831.746039
JAKARTA,JAKARTA1),2023,Jun,Rupiah,Modal Kerja,932398148.862699
JAKARTA,JAKARTA1),2023,Jun,Rupiah,Investasi,471745776.971598
JAKARTA,JAKARTA1),2023,Jun,Rupiah,Konsumsi,244842622.810273
JAKARTA,JAKARTA1),2023,Jul,Rupiah,Modal Kerja,935535220.808305
JAKARTA,JAKARTA1),2023,Jul,Rupiah,Investasi,488711376.011671
JAKARTA,JAKARTA1),2023,Jul,Rupiah,Konsumsi,246722267.987462
JAKARTA,JAKARTA1),2023,Aug,Rupiah,Modal Kerja,934468230.092028
JAKARTA,JAKARTA1),2023,Aug,Rupiah,Investasi,487779617.072498
JAKARTA,JAKARTA1),2023,Aug,Rupiah,Konsumsi,249399681.482207
JAKARTA,JAKARTA1),2023,Sep,Rupiah,Modal Kerja,967871317.459819
JAKARTA,JAKARTA1),2023,Sep,Rupiah,Investasi,491369457.494333
JAKARTA,JAKARTA1),2023,Sep,Rupiah,Konsumsi,253295192.201195
JAKARTA,JAKARTA1),2023,Oct,Rupiah,Modal Kerja,964590439.437857
JAKARTA,JAKARTA1),2023,Oct,Rupiah,Investasi,489779436.011213
JAKARTA,JAKARTA1),2023,Oct,Rupiah,Konsumsi,255707035.746922
JAKARTA,JAKARTA1),2023,Nov,Rupiah,Modal Kerja,981975386.579826
JAKARTA,JAKARTA1),2023,Nov,Rupiah,Investasi,498883305.203478
JAKARTA,JAKARTA1),2023,Nov,Rupiah,Konsumsi,255813633.418627
JAKARTA,JAKARTA1),2023,Dec,Rupiah,Modal Kerja,1019266459.830736
JAKARTA,JAKARTA1),2023,Dec,Rupiah,Investasi,522171402.523987
JAKARTA,JAKARTA1),2023,Dec,Rupiah,Konsumsi,260444803.035709
JAKARTA,JAKARTA1),2024,Jan,Rupiah,Modal Kerja,979823588.888192
JAKARTA,JAKARTA1),2024,Jan,Rupiah,Investasi,526288835.204841
JAKARTA,JAKARTA1),2024,Jan,Rupiah,Konsumsi,260707360.823433
JAKARTA,JAKARTA1),2024,Feb,Rupiah,Modal Kerja,991395564.331533
JAKARTA,JAKARTA1),2024,Feb,Rupiah,Investasi,529495482.509728
JAKARTA,JAKARTA1),2024,Feb,Rupiah,Konsumsi,261492943.556679
JAKARTA,JAKARTA1),2024,Mar,Rupiah,Modal Kerja,1017025012.610275
JAKARTA,JAKARTA1),2024,Mar,Rupiah,Investasi,548771721.811549
JAKARTA,JAKARTA1),2024,Mar,Rupiah,Konsumsi,265673117.398063
JAKARTA,Wil. Kota Jakarta Pusat,2018,,Valuta Asing,Modal Kerja,109813798.927829
JAKARTA,Wil. Kota Jakarta Pusat,2018,,Valuta Asing,Investasi,55445474.852128
JAKARTA,Wil. Kota Jakarta Pusat,2018,,Valuta Asing,Konsumsi,13040930.399946
JAKARTA,Wil. Kota Jakarta Pusat,2019,,Valuta Asing,Modal Kerja,86997568.981137
JAKARTA,Wil. Kota Jakarta Pusat,2019,,Valuta Asing,Investasi,60978663.182073
JAKARTA,Wil. Kota Jakarta Pusat,2019,,Valuta Asing,Konsumsi,615567.432393
JAKARTA,Wil. Kota Jakarta Pusat,2020,,Valuta Asing,Modal Kerja,46471511.66662
JAKARTA,Wil. Kota Jakarta Pusat,2020,,Valuta Asing,Investasi,48823184.742452
JAKARTA,Wil. Kota Jakarta Pusat,2020,,Valuta Asing,Konsumsi,64111.642358
JAKARTA,Wil. Kota Jakarta Pusat,2021,,Valuta Asing,Modal Kerja,53211812.590286
JAKARTA,Wil. Kota Jakarta Pusat,2021,,Valuta Asing,Investasi,34463599.745451
JAKARTA,Wil. Kota Jakarta Pusat,2021,,Valuta Asing,Konsumsi,59108.171171
JAKARTA,Wil. Kota Jakarta Pusat,2022,,Valuta Asing,Modal Kerja,59148522.535828
JAKARTA,Wil. Kota Jakarta Pusat,2022,,Valuta Asing,Investasi,42433289.577433
JAKARTA,Wil. Kota Jakarta Pusat,2022,,Valuta Asing,Konsumsi,43103.318778
JAKARTA,Wil. Kota Jakarta Pusat,2023,Mar,Valuta Asing,Modal Kerja,69518541.194057
JAKARTA,Wil. Kota Jakarta Pusat,2023,Mar,Valuta Asing,Investasi,51191426.417946
JAKARTA,Wil. Kota Jakarta Pusat,2023,Mar,Valuta Asing,Konsumsi,39515.408453
JAKARTA,Wil. Kota Jakarta Pusat,2023,Apr,Valuta Asing,Modal Kerja,65673967.935492
JAKARTA,Wil. Kota Jakarta Pusat,2023,Apr,Valuta Asing,Investasi,49231474.861846
JAKARTA,Wil. Kota Jakarta Pusat,2023,Apr,Valuta Asing,Konsumsi,37486.816822
JAKARTA,Wil. Kota Jakarta Pusat,2023,May,Valuta Asing,Modal Kerja,71206597.728786
JAKARTA,Wil. Kota Jakarta Pusat,2023,May,Valuta Asing,Investasi,56843850.384301
JAKARTA,Wil. Kota Jakarta Pusat,2023,May,Valuta Asing,Konsumsi,37022.537492
JAKARTA,Wil. Kota Jakarta Pusat,2023,Jun,Valuta Asing,Modal Kerja,65293176.616673
JAKARTA,Wil. Kota Jakarta Pusat,2023,Jun,Valuta Asing,Investasi,57049739.402894
JAKARTA,Wil. Kota Jakarta Pusat,2023,Jun,Valuta Asing,Konsumsi,34575.075165
JAKARTA,Wil. Kota Jakarta Pusat,2023,Jul,Valuta Asing,Modal Kerja,61181105.241286
JAKARTA,Wil. Kota Jakarta Pusat,2023,Jul,Valuta Asing,Investasi,58544564.943271
JAKARTA,Wil. Kota Jakarta Pusat,2023,Jul,Valuta Asing,Konsumsi,34560.441718
JAKARTA,Wil. Kota Jakarta Pusat,2023,Aug,Valuta Asing,Modal Kerja,63229193.327324
JAKARTA,Wil. Kota Jakarta Pusat,2023,Aug,Valuta Asing,Investasi,61231420.617111
JAKARTA,Wil. Kota Jakarta Pusat,2023,Aug,Valuta Asing,Konsumsi,31823.971995
JAKARTA,Wil. Kota Jakarta Pusat,2023,Sep,Valuta Asing,Modal Kerja,66832408.852571
JAKARTA,Wil. Kota Jakarta Pusat,2023,Sep,Valuta Asing,Investasi,62264249.670438
JAKARTA,Wil. Kota Jakarta Pusat,2023,Sep,Valuta Asing,Konsumsi,29497.839558
JAKARTA,Wil. Kota Jakarta Pusat,2023,Oct,Valuta Asing,Modal Kerja,72186270.294543
JAKARTA,Wil. Kota Jakarta Pusat,2023,Oct,Valuta Asing,Investasi,68717157.833453
JAKARTA,Wil. Kota Jakarta Pusat,2023,Oct,Valuta Asing,Konsumsi,29003.212176
JAKARTA,Wil. Kota Jakarta Pusat,2023,Nov,Valuta Asing,Modal Kerja,68607800.385198
JAKARTA,Wil. Kota Jakarta Pusat,2023,Nov,Valuta Asing,Investasi,67415529.927731
JAKARTA,Wil. Kota Jakarta Pusat,2023,Nov,Valuta Asing,Konsumsi,28005.280509
JAKARTA,Wil. Kota Jakarta Pusat,2023,Dec,Valuta Asing,Modal Kerja,66038401.504523
JAKARTA,Wil. Kota Jakarta Pusat,2023,Dec,Valuta Asing,Investasi,66502740.393034
JAKARTA,Wil. Kota Jakarta Pusat,2023,Dec,Valuta Asing,Konsumsi,26742.858685
JAKARTA,Wil. Kota Jakarta Pusat,2024,Jan,Valuta Asing,Modal Kerja,60352341.431241
JAKARTA,Wil. Kota Jakarta Pusat,2024,Jan,Valuta Asing,Investasi,71193785.742709
JAKARTA,Wil. Kota Jakarta Pusat,2024,Jan,Valuta Asing,Konsumsi,27404.919756
JAKARTA,Wil. Kota Jakarta Pusat,2024,Feb,Valuta Asing,Modal Kerja,64663837.895716
JAKARTA,Wil. Kota Jakarta Pusat,2024,Feb,Valuta Asing,Investasi,71127497.563445
JAKARTA,Wil. Kota Jakarta Pusat,2024,Feb,Valuta Asing,Konsumsi,166061.905624
JAKARTA,Wil. Kota Jakarta Pusat,2024,Mar,Valuta Asing,Modal Kerja,76226944.573961
JAKARTA,Wil. Kota Jakarta Pusat,2024,Mar,Valuta Asing,Investasi,75276892.943445
JAKARTA,Wil. Kota Jakarta Pusat,2024,Mar,Valuta Asing,Konsumsi,168077.109973
JAKARTA,Wil. Kota Jakarta Utara,2018,,Valuta Asing,Modal Kerja,7458523.315124
JAKARTA,Wil. Kota Jakarta Utara,2018,,Valuta Asing,Investasi,10101130.003833
JAKARTA,Wil. Kota Jakarta Utara,2018,,Valuta Asing,Konsumsi,133972.810069
JAKARTA,Wil. Kota Jakarta Utara,2019,,Valuta Asing,Modal Kerja,7535125.153107
JAKARTA,Wil. Kota Jakarta Utara,2019,,Valuta Asing,Investasi,10282922.17855
JAKARTA,Wil. Kota Jakarta Utara,2019,,Valuta Asing,Konsumsi,53083.291998
JAKARTA,Wil. Kota Jakarta Utara,2020,,Valuta Asing,Modal Kerja,6764711.697447
JAKARTA,Wil. Kota Jakarta Utara,2020,,Valuta Asing,Investasi,11334893.516472
JAKARTA,Wil. Kota Jakarta Utara,2020,,Valuta Asing,Konsumsi,79026.339281
JAKARTA,Wil. Kota Jakarta Utara,2021,,Valuta Asing,Modal Kerja,9841247.736207
JAKARTA,Wil. Kota Jakarta Utara,2021,,Valuta Asing,Investasi,10836420.758501
JAKARTA,Wil. Kota Jakarta Utara,2021,,Valuta Asing,Konsumsi,131148.912455
JAKARTA,Wil. Kota Jakarta Utara,2022,,Valuta Asing,Modal Kerja,9513115.016088
JAKARTA,Wil. Kota Jakarta Utara,2022,,Valuta Asing,Investasi,10441004.027171
JAKARTA,Wil. Kota Jakarta Utara,2022,,Valuta Asing,Konsumsi,121005.903946
JAKARTA,Wil. Kota Jakarta Utara,2023,Mar,Valuta Asing,Modal Kerja,10597067.527917
JAKARTA,Wil. Kota Jakarta Utara,2023,Mar,Valuta Asing,Investasi,9811775.255521
JAKARTA,Wil. Kota Jakarta Utara,2023,Mar,Valuta Asing,Konsumsi,106248.003951
JAKARTA,Wil. Kota Jakarta Utara,2023,Apr,Valuta Asing,Modal Kerja,9485976.929262
JAKARTA,Wil. Kota Jakarta Utara,2023,Apr,Valuta Asing,Investasi,16815221.294333
JAKARTA,Wil. Kota Jakarta Utara,2023,Apr,Valuta Asing,Konsumsi,99128.322205
JAKARTA,Wil. Kota Jakarta Utara,2023,May,Valuta Asing,Modal Kerja,10043451.285869
JAKARTA,Wil. Kota Jakarta Utara,2023,May,Valuta Asing,Investasi,17077144.35219
JAKARTA,Wil. Kota Jakarta Utara,2023,May,Valuta Asing,Konsumsi,93662.69925
JAKARTA,Wil. Kota Jakarta Utara,2023,Jun,Valuta Asing,Modal Kerja,9765626.945436
JAKARTA,Wil. Kota Jakarta Utara,2023,Jun,Valuta Asing,Investasi,16502552.767471
JAKARTA,Wil. Kota Jakarta Utara,2023,Jun,Valuta Asing,Konsumsi,88740.669557
JAKARTA,Wil. Kota Jakarta Utara,2023,Jul,Valuta Asing,Modal Kerja,9930819.641395
JAKARTA,Wil. Kota Jakarta Utara,2023,Jul,Valuta Asing,Investasi,16261917.016613
JAKARTA,Wil. Kota Jakarta Utara,2023,Jul,Valuta Asing,Konsumsi,88451.781176
JAKARTA,Wil. Kota Jakarta Utara,2023,Aug,Valuta Asing,Modal Kerja,10605454.581547
JAKARTA,Wil. Kota Jakarta Utara,2023,Aug,Valuta Asing,Investasi,16625900.351475
JAKARTA,Wil. Kota Jakarta Utara,2023,Aug,Valuta Asing,Konsumsi,88932.503573
JAKARTA,Wil. Kota Jakarta Utara,2023,Sep,Valuta Asing,Modal Kerja,10827675.096257
JAKARTA,Wil. Kota Jakarta Utara,2023,Sep,Valuta Asing,Investasi,16654406.415232
JAKARTA,Wil. Kota Jakarta Utara,2023,Sep,Valuta Asing,Konsumsi,154430.096441
JAKARTA,Wil. Kota Jakarta Utara,2023,Oct,Valuta Asing,Modal Kerja,10671596.914976
JAKARTA,Wil. Kota Jakarta Utara,2023,Oct,Valuta Asing,Investasi,16840991.37331
JAKARTA,Wil. Kota Jakarta Utara,2023,Oct,Valuta Asing,Konsumsi,242512.023372
JAKARTA,Wil. Kota Jakarta Utara,2023,Nov,Valuta Asing,Modal Kerja,10767478.783953
JAKARTA,Wil. Kota Jakarta Utara,2023,Nov,Valuta Asing,Investasi,16786240.017152
JAKARTA,Wil. Kota Jakarta Utara,2023,Nov,Valuta Asing,Konsumsi,78639.804041
JAKARTA,Wil. Kota Jakarta Utara,2023,Dec,Valuta Asing,Modal Kerja,8461991.263758
JAKARTA,Wil. Kota Jakarta Utara,2023,Dec,Valuta Asing,Investasi,16473042.854557
JAKARTA,Wil. Kota Jakarta Utara,2023,Dec,Valuta Asing,Konsumsi,71431.100749
JAKARTA,Wil. Kota Jakarta Utara,2024,Jan,Valuta Asing,Modal Kerja,10013832.278241
JAKARTA,Wil. Kota Jakarta Utara,2024,Jan,Valuta Asing,Investasi,17086836.206222
JAKARTA,Wil. Kota Jakarta Utara,2024,Jan,Valuta Asing,Konsumsi,69615.697455
JAKARTA,Wil. Kota Jakarta Utara,2024,Feb,Valuta Asing,Modal Kerja,10052488.301547
JAKARTA,Wil. Kota Jakarta Utara,2024,Feb,Valuta Asing,Investasi,16976592.656307
JAKARTA,Wil. Kota Jakarta Utara,2024,Feb,Valuta Asing,Konsumsi,67672.775349
JAKARTA,Wil. Kota Jakarta Utara,2024,Mar,Valuta Asing,Modal Kerja,10024431.777378
JAKARTA,Wil. Kota Jakarta Utara,2024,Mar,Valuta Asing,Investasi,15891489.298705
JAKARTA,Wil. Kota Jakarta Utara,2024,Mar,Valuta Asing,Konsumsi,66364.596814
JAKARTA,Wil. Kota Jakarta Barat,2018,,Valuta Asing,Modal Kerja,11177792.018013
JAKARTA,Wil. Kota Jakarta Barat,2018,,Valuta Asing,Investasi,7456351.217265
JAKARTA,Wil. Kota Jakarta Barat,2018,,Valuta Asing,Konsumsi,470586.074525
JAKARTA,Wil. Kota Jakarta Barat,2019,,Valuta Asing,Modal Kerja,11911254.179762
JAKARTA,Wil. Kota Jakarta Barat,2019,,Valuta Asing,Investasi,7725247.621629
JAKARTA,Wil. Kota Jakarta Barat,2019,,Valuta Asing,Konsumsi,129581.409305
JAKARTA,Wil. Kota Jakarta Barat,2020,,Valuta Asing,Modal Kerja,11510065.597296
JAKARTA,Wil. Kota Jakarta Barat,2020,,Valuta Asing,Investasi,8727944.866964
JAKARTA,Wil. Kota Jakarta Barat,2020,,Valuta Asing,Konsumsi,68902.786112
JAKARTA,Wil. Kota Jakarta Barat,2021,,Valuta Asing,Modal Kerja,12333894.566169
JAKARTA,Wil. Kota Jakarta Barat,2021,,Valuta Asing,Investasi,8690249.163535
JAKARTA,Wil. Kota Jakarta Barat,2021,,Valuta Asing,Konsumsi,509971.726941
JAKARTA,Wil. Kota Jakarta Barat,2022,,Valuta Asing,Modal Kerja,8721030.658088
JAKARTA,Wil. Kota Jakarta Barat,2022,,Valuta Asing,Investasi,13220659.86605
JAKARTA,Wil. Kota Jakarta Barat,2022,,Valuta Asing,Konsumsi,63756.032386
JAKARTA,Wil. Kota Jakarta Barat,2023,Mar,Valuta Asing,Modal Kerja,8446113.803501
JAKARTA,Wil. Kota Jakarta Barat,2023,Mar,Valuta Asing,Investasi,12695798.179132
JAKARTA,Wil. Kota Jakarta Barat,2023,Mar,Valuta Asing,Konsumsi,53861.944
JAKARTA,Wil. Kota Jakarta Barat,2023,Apr,Valuta Asing,Modal Kerja,7395359.980285
JAKARTA,Wil. Kota Jakarta Barat,2023,Apr,Valuta Asing,Investasi,13484113.372889
JAKARTA,Wil. Kota Jakarta Barat,2023,Apr,Valuta Asing,Konsumsi,51167.968153
JAKARTA,Wil. Kota Jakarta Barat,2023,May,Valuta Asing,Modal Kerja,8005827.908447
JAKARTA,Wil. Kota Jakarta Barat,2023,May,Valuta Asing,Investasi,14901393.790862
JAKARTA,Wil. Kota Jakarta Barat,2023,May,Valuta Asing,Konsumsi,47475.419442
JAKARTA,Wil. Kota Jakarta Barat,2023,Jun,Valuta Asing,Modal Kerja,8813780.654694
JAKARTA,Wil. Kota Jakarta Barat,2023,Jun,Valuta Asing,Investasi,14622365.433283
JAKARTA,Wil. Kota Jakarta Barat,2023,Jun,Valuta Asing,Konsumsi,36753.083519
JAKARTA,Wil. Kota Jakarta Barat,2023,Jul,Valuta Asing,Modal Kerja,8287253.948227
JAKARTA,Wil. Kota Jakarta Barat,2023,Jul,Valuta Asing,Investasi,14557819.511527
JAKARTA,Wil. Kota Jakarta Barat,2023,Jul,Valuta Asing,Konsumsi,32224.362459
JAKARTA,Wil. Kota Jakarta Barat,2023,Aug,Valuta Asing,Modal Kerja,9437927.783581
JAKARTA,Wil. Kota Jakarta Barat,2023,Aug,Valuta Asing,Investasi,14430696.799154
JAKARTA,Wil. Kota Jakarta Barat,2023,Aug,Valuta Asing,Konsumsi,38844.187724
JAKARTA,Wil. Kota Jakarta Barat,2023,Sep,Valuta Asing,Modal Kerja,9877418.2009
JAKARTA,Wil. Kota Jakarta Barat,2023,Sep,Valuta Asing,Investasi,14491972.835301
JAKARTA,Wil. Kota Jakarta Barat,2023,Sep,Valuta Asing,Konsumsi,26173.65299
JAKARTA,Wil. Kota Jakarta Barat,2023,Oct,Valuta Asing,Modal Kerja,10278686.133647
JAKARTA,Wil. Kota Jakarta Barat,2023,Oct,Valuta Asing,Investasi,14898798.274277
JAKARTA,Wil. Kota Jakarta Barat,2023,Oct,Valuta Asing,Konsumsi,36690.747919
JAKARTA,Wil. Kota Jakarta Barat,2023,Nov,Valuta Asing,Modal Kerja,10667232.898966
JAKARTA,Wil. Kota Jakarta Barat,2023,Nov,Valuta Asing,Investasi,16003436.405679
JAKARTA,Wil. Kota Jakarta Barat,2023,Nov,Valuta Asing,Konsumsi,33652.023426
JAKARTA,Wil. Kota Jakarta Barat,2023,Dec,Valuta Asing,Modal Kerja,9751800.711253
JAKARTA,Wil. Kota Jakarta Barat,2023,Dec,Valuta Asing,Investasi,15240564.820973
JAKARTA,Wil. Kota Jakarta Barat,2023,Dec,Valuta Asing,Konsumsi,23325.351961
JAKARTA,Wil. Kota Jakarta Barat,2024,Jan,Valuta Asing,Modal Kerja,7852092.212624
JAKARTA,Wil. Kota Jakarta Barat,2024,Jan,Valuta Asing,Investasi,16058194.364818
JAKARTA,Wil. Kota Jakarta Barat,2024,Jan,Valuta Asing,Konsumsi,33109.933062
JAKARTA,Wil. Kota Jakarta Barat,2024,Feb,Valuta Asing,Modal Kerja,8507817.270749
JAKARTA,Wil. Kota Jakarta Barat,2024,Feb,Valuta Asing,Investasi,16131828.580028
JAKARTA,Wil. Kota Jakarta Barat,2024,Feb,Valuta Asing,Konsumsi,32919.26482
JAKARTA,Wil. Kota Jakarta Barat,2024,Mar,Valuta Asing,Modal Kerja,10154189.734222
JAKARTA,Wil. Kota Jakarta Barat,2024,Mar,Valuta Asing,Investasi,17005103.463941
JAKARTA,Wil. Kota Jakarta Barat,2024,Mar,Valuta Asing,Konsumsi,32812.312849
JAKARTA,Wil. Kota Jakarta Selatan,2018,,Valuta Asing,Modal Kerja,75538077.052161
JAKARTA,Wil. Kota Jakarta Selatan,2018,,Valuta Asing,Investasi,39271375.726625
JAKARTA,Wil. Kota Jakarta Selatan,2018,,Valuta Asing,Konsumsi,204112.096479
JAKARTA,Wil. Kota Jakarta Selatan,2019,,Valuta Asing,Modal Kerja,68245659.605881
JAKARTA,Wil. Kota Jakarta Selatan,2019,,Valuta Asing,Investasi,51435175.313601
JAKARTA,Wil. Kota Jakarta Selatan,2019,,Valuta Asing,Konsumsi,227403.984236
JAKARTA,Wil. Kota Jakarta Selatan,2020,,Valuta Asing,Modal Kerja,73574858.176841
JAKARTA,Wil. Kota Jakarta Selatan,2020,,Valuta Asing,Investasi,60937498.776526
JAKARTA,Wil. Kota Jakarta Selatan,2020,,Valuta Asing,Konsumsi,215001.072801
JAKARTA,Wil. Kota Jakarta Selatan,2021,,Valuta Asing,Modal Kerja,79518436.658894
JAKARTA,Wil. Kota Jakarta Selatan,2021,,Valuta Asing,Investasi,61244882.818275
JAKARTA,Wil. Kota Jakarta Selatan,2021,,Valuta Asing,Konsumsi,159319.679429
JAKARTA,Wil. Kota Jakarta Selatan,2022,,Valuta Asing,Modal Kerja,98612572.192161
JAKARTA,Wil. Kota Jakarta Selatan,2022,,Valuta Asing,Investasi,76342126.149694
JAKARTA,Wil. Kota Jakarta Selatan,2022,,Valuta Asing,Konsumsi,165083.350833
JAKARTA,Wil. Kota Jakarta Selatan,2023,Mar,Valuta Asing,Modal Kerja,88716314.0486
JAKARTA,Wil. Kota Jakarta Selatan,2023,Mar,Valuta Asing,Investasi,70020795.523049
JAKARTA,Wil. Kota Jakarta Selatan,2023,Mar,Valuta Asing,Konsumsi,144736.117604
JAKARTA,Wil. Kota Jakarta Selatan,2023,Apr,Valuta Asing,Modal Kerja,90622040.37493
JAKARTA,Wil. Kota Jakarta Selatan,2023,Apr,Valuta Asing,Investasi,67715603.170332
JAKARTA,Wil. Kota Jakarta Selatan,2023,Apr,Valuta Asing,Konsumsi,141629.467739
JAKARTA,Wil. Kota Jakarta Selatan,2023,May,Valuta Asing,Modal Kerja,93556971.409187
JAKARTA,Wil. Kota Jakarta Selatan,2023,May,Valuta Asing,Investasi,74277596.50223
JAKARTA,Wil. Kota Jakarta Selatan,2023,May,Valuta Asing,Konsumsi,137099.695754
JAKARTA,Wil. Kota Jakarta Selatan,2023,Jun,Valuta Asing,Modal Kerja,94688844.142583
JAKARTA,Wil. Kota Jakarta Selatan,2023,Jun,Valuta Asing,Investasi,71993865.350131
JAKARTA,Wil. Kota Jakarta Selatan,2023,Jun,Valuta Asing,Konsumsi,133868.691675
JAKARTA,Wil. Kota Jakarta Selatan,2023,Jul,Valuta Asing,Modal Kerja,84633821.91413
JAKARTA,Wil. Kota Jakarta Selatan,2023,Jul,Valuta Asing,Investasi,72991757.698684
JAKARTA,Wil. Kota Jakarta Selatan,2023,Jul,Valuta Asing,Konsumsi,127304.753297
JAKARTA,Wil. Kota Jakarta Selatan,2023,Aug,Valuta Asing,Modal Kerja,91823250.130625
JAKARTA,Wil. Kota Jakarta Selatan,2023,Aug,Valuta Asing,Investasi,72339693.096197
JAKARTA,Wil. Kota Jakarta Selatan,2023,Aug,Valuta Asing,Konsumsi,131506.945578
JAKARTA,Wil. Kota Jakarta Selatan,2023,Sep,Valuta Asing,Modal Kerja,94972525.412549
JAKARTA,Wil. Kota Jakarta Selatan,2023,Sep,Valuta Asing,Investasi,72570460.970577
JAKARTA,Wil. Kota Jakarta Selatan,2023,Sep,Valuta Asing,Konsumsi,175475.43874
JAKARTA,Wil. Kota Jakarta Selatan,2023,Oct,Valuta Asing,Modal Kerja,100337834.220734
JAKARTA,Wil. Kota Jakarta Selatan,2023,Oct,Valuta Asing,Investasi,75767727.516318
JAKARTA,Wil. Kota Jakarta Selatan,2023,Oct,Valuta Asing,Konsumsi,183490.910464
JAKARTA,Wil. Kota Jakarta Selatan,2023,Nov,Valuta Asing,Modal Kerja,102754350.816012
JAKARTA,Wil. Kota Jakarta Selatan,2023,Nov,Valuta Asing,Investasi,75299981.986814
JAKARTA,Wil. Kota Jakarta Selatan,2023,Nov,Valuta Asing,Konsumsi,181629.091472
JAKARTA,Wil. Kota Jakarta Selatan,2023,Dec,Valuta Asing,Modal Kerja,100367031.591587
JAKARTA,Wil. Kota Jakarta Selatan,2023,Dec,Valuta Asing,Investasi,74812990.493248
JAKARTA,Wil. Kota Jakarta Selatan,2023,Dec,Valuta Asing,Konsumsi,162586.939214
JAKARTA,Wil. Kota Jakarta Selatan,2024,Jan,Valuta Asing,Modal Kerja,109426785.607587
JAKARTA,Wil. Kota Jakarta Selatan,2024,Jan,Valuta Asing,Investasi,72384538.516392
JAKARTA,Wil. Kota Jakarta Selatan,2024,Jan,Valuta Asing,Konsumsi,171887.859406
JAKARTA,Wil. Kota Jakarta Selatan,2024,Feb,Valuta Asing,Modal Kerja,107536739.416246
JAKARTA,Wil. Kota Jakarta Selatan,2024,Feb,Valuta Asing,Investasi,71443941.71558
JAKARTA,Wil. Kota Jakarta Selatan,2024,Feb,Valuta Asing,Konsumsi,163559.436362
JAKARTA,Wil. Kota Jakarta Selatan,2024,Mar,Valuta Asing,Modal Kerja,123365719.446723
JAKARTA,Wil. Kota Jakarta Selatan,2024,Mar,Valuta Asing,Investasi,69985546.156857
JAKARTA,Wil. Kota Jakarta Selatan,2024,Mar,Valuta Asing,Konsumsi,166685.058562
JAKARTA,Wil. Kota Jakarta Timur,2018,,Valuta Asing,Modal Kerja,13305617.649814
JAKARTA,Wil. Kota Jakarta Timur,2018,,Valuta Asing,Investasi,2990814.740317
JAKARTA,Wil. Kota Jakarta Timur,2018,,Valuta Asing,Konsumsi,55653.823322
JAKARTA,Wil. Kota Jakarta Timur,2019,,Valuta Asing,Modal Kerja,13165010.279755
JAKARTA,Wil. Kota Jakarta Timur,2019,,Valuta Asing,Investasi,5911443.132175
JAKARTA,Wil. Kota Jakarta Timur,2019,,Valuta Asing,Konsumsi,17695.770922
JAKARTA,Wil. Kota Jakarta Timur,2020,,Valuta Asing,Modal Kerja,8317885.712412
JAKARTA,Wil. Kota Jakarta Timur,2020,,Valuta Asing,Investasi,6805338.797928
JAKARTA,Wil. Kota Jakarta Timur,2020,,Valuta Asing,Konsumsi,85675.903013
JAKARTA,Wil. Kota Jakarta Timur,2021,,Valuta Asing,Modal Kerja,8048362.347432
JAKARTA,Wil. Kota Jakarta Timur,2021,,Valuta Asing,Investasi,5836525.826189
JAKARTA,Wil. Kota Jakarta Timur,2021,,Valuta Asing,Konsumsi,17120.631482
JAKARTA,Wil. Kota Jakarta Timur,2022,,Valuta Asing,Modal Kerja,9082587.357148
JAKARTA,Wil. Kota Jakarta Timur,2022,,Valuta Asing,Investasi,6746134.547727
JAKARTA,Wil. Kota Jakarta Timur,2022,,Valuta Asing,Konsumsi,16904.195605
JAKARTA,Wil. Kota Jakarta Timur,2023,Mar,Valuta Asing,Modal Kerja,7720811.76198
JAKARTA,Wil. Kota Jakarta Timur,2023,Mar,Valuta Asing,Investasi,6215740.47204
JAKARTA,Wil. Kota Jakarta Timur,2023,Mar,Valuta Asing,Konsumsi,11296.405114
JAKARTA,Wil. Kota Jakarta Timur,2023,Apr,Valuta Asing,Modal Kerja,8432987.874415
JAKARTA,Wil. Kota Jakarta Timur,2023,Apr,Valuta Asing,Investasi,6006371.675636
JAKARTA,Wil. Kota Jakarta Timur,2023,Apr,Valuta Asing,Konsumsi,10927.518989
JAKARTA,Wil. Kota Jakarta Timur,2023,May,Valuta Asing,Modal Kerja,9138051.880351
JAKARTA,Wil. Kota Jakarta Timur,2023,May,Valuta Asing,Investasi,5994231.208429
JAKARTA,Wil. Kota Jakarta Timur,2023,May,Valuta Asing,Konsumsi,10413.672022
JAKARTA,Wil. Kota Jakarta Timur,2023,Jun,Valuta Asing,Modal Kerja,9319188.254667
JAKARTA,Wil. Kota Jakarta Timur,2023,Jun,Valuta Asing,Investasi,5967518.67609
JAKARTA,Wil. Kota Jakarta Timur,2023,Jun,Valuta Asing,Konsumsi,10283.998179
JAKARTA,Wil. Kota Jakarta Timur,2023,Jul,Valuta Asing,Modal Kerja,9359165.185648
JAKARTA,Wil. Kota Jakarta Timur,2023,Jul,Valuta Asing,Investasi,6019171.680407
JAKARTA,Wil. Kota Jakarta Timur,2023,Jul,Valuta Asing,Konsumsi,10335.340845
JAKARTA,Wil. Kota Jakarta Timur,2023,Aug,Valuta Asing,Modal Kerja,9611398.213834
JAKARTA,Wil. Kota Jakarta Timur,2023,Aug,Valuta Asing,Investasi,6069731.349477
JAKARTA,Wil. Kota Jakarta Timur,2023,Aug,Valuta Asing,Konsumsi,10446.598304
JAKARTA,Wil. Kota Jakarta Timur,2023,Sep,Valuta Asing,Modal Kerja,11512448.910003
JAKARTA,Wil. Kota Jakarta Timur,2023,Sep,Valuta Asing,Investasi,6254367.29017
JAKARTA,Wil. Kota Jakarta Timur,2023,Sep,Valuta Asing,Konsumsi,12678.152393
JAKARTA,Wil. Kota Jakarta Timur,2023,Oct,Valuta Asing,Modal Kerja,11836876.284771
JAKARTA,Wil. Kota Jakarta Timur,2023,Oct,Valuta Asing,Investasi,6411247.904883
JAKARTA,Wil. Kota Jakarta Timur,2023,Oct,Valuta Asing,Konsumsi,12142.562307
JAKARTA,Wil. Kota Jakarta Timur,2023,Nov,Valuta Asing,Modal Kerja,11320493.915717
JAKARTA,Wil. Kota Jakarta Timur,2023,Nov,Valuta Asing,Investasi,6320936.876605
JAKARTA,Wil. Kota Jakarta Timur,2023,Nov,Valuta Asing,Konsumsi,11865.533718
JAKARTA,Wil. Kota Jakarta Timur,2023,Dec,Valuta Asing,Modal Kerja,11916404.697358
JAKARTA,Wil. Kota Jakarta Timur,2023,Dec,Valuta Asing,Investasi,6186768.153393
JAKARTA,Wil. Kota Jakarta Timur,2023,Dec,Valuta Asing,Konsumsi,11718.355689
JAKARTA,Wil. Kota Jakarta Timur,2024,Jan,Valuta Asing,Modal Kerja,11940791.869496
JAKARTA,Wil. Kota Jakarta Timur,2024,Jan,Valuta Asing,Investasi,6383229.686671
JAKARTA,Wil. Kota Jakarta Timur,2024,Jan,Valuta Asing,Konsumsi,15981.042249
JAKARTA,Wil. Kota Jakarta Timur,2024,Feb,Valuta Asing,Modal Kerja,11982330.5313
JAKARTA,Wil. Kota Jakarta Timur,2024,Feb,Valuta Asing,Investasi,6279399.165342
JAKARTA,Wil. Kota Jakarta Timur,2024,Feb,Valuta Asing,Konsumsi,15474.679305
JAKARTA,Wil. Kota Jakarta Timur,2024,Mar,Valuta Asing,Modal Kerja,12949784.105861
JAKARTA,Wil. Kota Jakarta Timur,2024,Mar,Valuta Asing,Investasi,6263056.032184
JAKARTA,Wil. Kota Jakarta Timur,2024,Mar,Valuta Asing,Konsumsi,15948.142576
JAKARTA,Wil. Kepulauan Seribu,2018,,Valuta Asing,Modal Kerja,22288.989065
JAKARTA,Wil. Kepulauan Seribu,2018,,Valuta Asing,Investasi,359968.069268
JAKARTA,Wil. Kepulauan Seribu,2018,,Valuta Asing,Konsumsi,-
JAKARTA,Wil. Kepulauan Seribu,2019,,Valuta Asing,Modal Kerja,180472.500001
JAKARTA,Wil. Kepulauan Seribu,2019,,Valuta Asing,Investasi,192328.403774
JAKARTA,Wil. Kepulauan Seribu,2019,,Valuta Asing,Konsumsi,-
JAKARTA,Wil. Kepulauan Seribu,2020,,Valuta Asing,Modal Kerja,-
JAKARTA,Wil. Kepulauan Seribu,2020,,Valuta Asing,Investasi,160226.451776
JAKARTA,Wil. Kepulauan Seribu,2020,,Valuta Asing,Konsumsi,-
JAKARTA,Wil. Kepulauan Seribu,2021,,Valuta Asing,Modal Kerja,-
JAKARTA,Wil. Kepulauan Seribu,2021,,Valuta Asing,Investasi,128651.303658
JAKARTA,Wil. Kepulauan Seribu,2021,,Valuta Asing,Konsumsi,-
JAKARTA,Wil. Kepulauan Seribu,2022,,Valuta Asing,Modal Kerja,-
JAKARTA,Wil. Kepulauan Seribu,2022,,Valuta Asing,Investasi,123609.357414
JAKARTA,Wil. Kepulauan Seribu,2022,,Valuta Asing,Konsumsi,-
JAKARTA,Wil. Kepulauan Seribu,2023,Mar,Valuta Asing,Modal Kerja,-
JAKARTA,Wil. Kepulauan Seribu,2023,Mar,Valuta Asing,Investasi,112312.086996
JAKARTA,Wil. Kepulauan Seribu,2023,Mar,Valuta Asing,Konsumsi,-
JAKARTA,Wil. Kepulauan Seribu,2023,Apr,Valuta Asing,Modal Kerja,-
JAKARTA,Wil. Kepulauan Seribu,2023,Apr,Valuta Asing,Investasi,107681.01097
JAKARTA,Wil. Kepulauan Seribu,2023,Apr,Valuta Asing,Konsumsi,-
JAKARTA,Wil. Kepulauan Seribu,2023,May,Valuta Asing,Modal Kerja,-
JAKARTA,Wil. Kepulauan Seribu,2023,May,Valuta Asing,Investasi,106282.381011
JAKARTA,Wil. Kepulauan Seribu,2023,May,Valuta Asing,Konsumsi,-
JAKARTA,Wil. Kepulauan Seribu,2023,Jun,Valuta Asing,Modal Kerja,-
JAKARTA,Wil. Kepulauan Seribu,2023,Jun,Valuta Asing,Investasi,102534.881011
JAKARTA,Wil. Kepulauan Seribu,2023,Jun,Valuta Asing,Konsumsi,-
JAKARTA,Wil. Kepulauan Seribu,2023,Jul,Valuta Asing,Modal Kerja,-
JAKARTA,Wil. Kepulauan Seribu,2023,Jul,Valuta Asing,Investasi,99380.50071
JAKARTA,Wil. Kepulauan Seribu,2023,Jul,Valuta Asing,Konsumsi,-
JAKARTA,Wil. Kepulauan Seribu,2023,Aug,Valuta Asing,Modal Kerja,-
JAKARTA,Wil. Kepulauan Seribu,2023,Aug,Valuta Asing,Investasi,96561.533542
JAKARTA,Wil. Kepulauan Seribu,2023,Aug,Valuta Asing,Konsumsi,-
JAKARTA,Wil. Kepulauan Seribu,2023,Sep,Valuta Asing,Modal Kerja,-
JAKARTA,Wil. Kepulauan Seribu,2023,Sep,Valuta Asing,Investasi,94124.33279
JAKARTA,Wil. Kepulauan Seribu,2023,Sep,Valuta Asing,Konsumsi,-
JAKARTA,Wil. Kepulauan Seribu,2023,Oct,Valuta Asing,Modal Kerja,-
JAKARTA,Wil. Kepulauan Seribu,2023,Oct,Valuta Asing,Investasi,92771.876909
JAKARTA,Wil. Kepulauan Seribu,2023,Oct,Valuta Asing,Konsumsi,-
JAKARTA,Wil. Kepulauan Seribu,2023,Nov,Valuta Asing,Modal Kerja,-
JAKARTA,Wil. Kepulauan Seribu,2023,Nov,Valuta Asing,Investasi,86704.294829
JAKARTA,Wil. Kepulauan Seribu,2023,Nov,Valuta Asing,Konsumsi,-
JAKARTA,Wil. Kepulauan Seribu,2023,Dec,Valuta Asing,Modal Kerja,-
JAKARTA,Wil. Kepulauan Seribu,2023,Dec,Valuta Asing,Investasi,82223.350095
JAKARTA,Wil. Kepulauan Seribu,2023,Dec,Valuta Asing,Konsumsi,-
JAKARTA,Wil. Kepulauan Seribu,2024,Jan,Valuta Asing,Modal Kerja,-
JAKARTA,Wil. Kepulauan Seribu,2024,Jan,Valuta Asing,Investasi,80323.653926
JAKARTA,Wil. Kepulauan Seribu,2024,Jan,Valuta Asing,Konsumsi,-
JAKARTA,Wil. Kepulauan Seribu,2024,Feb,Valuta Asing,Modal Kerja,-
JAKARTA,Wil. Kepulauan Seribu,2024,Feb,Valuta Asing,Investasi,76064.039699
JAKARTA,Wil. Kepulauan Seribu,2024,Feb,Valuta Asing,Konsumsi,-
JAKARTA,Wil. Kepulauan Seribu,2024,Mar,Valuta Asing,Modal Kerja,-
JAKARTA,Wil. Kepulauan Seribu,2024,Mar,Valuta Asing,Investasi,72777.920342
JAKARTA,Wil. Kepulauan Seribu,2024,Mar,Valuta Asing,Konsumsi,-
